game_id,season,week,home_team,away_team,predicted_winner,predicted_prob,predicted_spread,confidence,actual_winner,actual_home_score,actual_away_score,actual_spread,correct,spread_error,predicted_margin,actual_margin
nfl_2025_01_DAL_PHI,2025,1,PHI,DAL,PHI,0.6669385083999217,-2.083112153905801,0.6669385083999217,PHI,24,20,4,True,6.083112153905801,2.083112153905801,4
nfl_2025_01_KC_LAC,2025,1,LAC,KC,LAC,0.6669385083999217,-2.083112153905801,0.6669385083999217,LAC,27,21,6,True,8.083112153905802,2.083112153905801,6
nfl_2025_01_TB_ATL,2025,1,ATL,TB,ATL,0.6669385083999217,-2.083112153905801,0.6669385083999217,TB,20,23,-3,False,0.9168878460941992,2.083112153905801,3
nfl_2025_01_CIN_CLE,2025,1,CLE,CIN,CLE,0.6669385083999217,-2.083112153905801,0.6669385083999217,CIN,16,17,-1,False,1.0831121539058008,2.083112153905801,1
nfl_2025_01_MIA_IND,2025,1,IND,MIA,IND,0.6669385083999217,-2.083112153905801,0.6669385083999217,IND,33,8,25,True,27.0831121539058,2.083112153905801,25
nfl_2025_01_CAR_JAX,2025,1,JAX,CAR,JAX,0.6669385083999217,-2.083112153905801,0.6669385083999217,JAX,26,10,16,True,18.0831121539058,2.083112153905801,16
nfl_2025_01_LV_NE,2025,1,NE,LV,NE,0.6669385083999217,-2.083112153905801,0.6669385083999217,LV,13,20,-7,False,4.916887846094199,2.083112153905801,7
nfl_2025_01_ARI_NO,2025,1,NO,ARI,NO,0.6669385083999217,-2.083112153905801,0.6669385083999217,ARI,13,20,-7,False,4.916887846094199,2.083112153905801,7
nfl_2025_01_PIT_NYJ,2025,1,NYJ,PIT,NYJ,0.6669385083999217,-2.083112153905801,0.6669385083999217,PIT,32,34,-2,False,0.08311215390580085,2.083112153905801,2
nfl_2025_01_NYG_WAS,2025,1,WAS,NYG,WAS,0.6669385083999217,-2.083112153905801,0.6669385083999217,WAS,21,6,15,True,17.0831121539058,2.083112153905801,15
nfl_2025_01_TEN_DEN,2025,1,DEN,TEN,DEN,0.6669385083999217,-2.083112153905801,0.6669385083999217,DEN,20,12,8,True,10.083112153905802,2.083112153905801,8
nfl_2025_01_SF_SEA,2025,1,SEA,SF,SEA,0.6669385083999217,-2.083112153905801,0.6669385083999217,SF,13,17,-4,False,1.9168878460941992,2.083112153905801,4
nfl_2025_01_DET_GB,2025,1,GB,DET,GB,0.6669385083999217,-2.083112153905801,0.6669385083999217,GB,27,13,14,True,16.0831121539058,2.083112153905801,14
nfl_2025_01_HOU_LAR,2025,1,LAR,HOU,LAR,0.6669385083999217,-2.083112153905801,0.6669385083999217,LAR,14,9,5,True,7.083112153905801,2.083112153905801,5
nfl_2025_01_BAL_BUF,2025,1,BUF,BAL,BUF,0.6669385083999217,-2.083112153905801,0.6669385083999217,BUF,41,40,1,True,3.083112153905801,2.083112153905801,1
nfl_2025_01_MIN_CHI,2025,1,CHI,MIN,CHI,0.6669385083999217,-2.083112153905801,0.6669385083999217,MIN,24,27,-3,False,0.9168878460941992,2.083112153905801,3
nfl_2025_02_WAS_GB,2025,2,GB,WAS,GB,0.6694924828916319,-2.1176716003099445,0.6694924828916319,GB,27,18,9,True,11.117671600309944,2.1176716003099445,9
nfl_2025_02_CLE_BAL,2025,2,BAL,CLE,CLE,0.4942685272282014,0.06878068594103083,0.5057314727717985,BAL,41,17,24,False,23.931219314058968,0.06878068594103083,24
nfl_2025_02_JAX_CIN,2025,2,CIN,JAX,CIN,0.5367445013698104,-0.4417303728760583,0.5367445013698104,CIN,31,27,4,True,4.441730372876059,0.4417303728760583,4
nfl_2025_02_NYG_DAL,2025,2,DAL,NYG,NYG,0.44014585449469085,0.7217104076395078,0.5598541455053092,DAL,40,37,3,False,2.278289592360492,0.7217104076395078,3
nfl_2025_02_CHI_DET,2025,2,DET,CHI,CHI,0.44437028176901583,0.6703317454920175,0.5556297182309842,DET,52,21,31,False,30.329668254507983,0.6703317454920175,31
nfl_2025_02_NE_MIA,2025,2,MIA,NE,NE,0.41368436775414097,1.046264939485315,0.586315632245859,NE,27,33,-6,True,7.046264939485315,1.046264939485315,6
nfl_2025_02_SF_NO,2025,2,NO,SF,SF,0.4830935361823881,0.20295493648585344,0.516906463817612,SF,21,26,-5,True,5.202954936485853,0.20295493648585344,5
nfl_2025_02_BUF_NYJ,2025,2,NYJ,BUF,BUF,0.31446474753939313,2.3379838326779194,0.6855352524606069,BUF,10,30,-20,True,22.33798383267792,2.3379838326779194,20
nfl_2025_02_SEA_PIT,2025,2,PIT,SEA,PIT,0.7168144858459112,-2.7861445817383856,0.7168144858459112,SEA,17,31,-14,False,11.213855418261614,2.7861445817383856,14
nfl_2025_02_LAR_TEN,2025,2,TEN,LAR,LAR,0.48621560678085485,0.1654546444003347,0.5137843932191452,LAR,19,33,-14,True,14.165454644400334,0.1654546444003347,14
nfl_2025_02_CAR_ARI,2025,2,ARI,CAR,ARI,0.7907749551298534,-3.9888089343633735,0.7907749551298534,ARI,27,22,5,True,8.988808934363373,3.9888089343633735,5
nfl_2025_02_DEN_IND,2025,2,IND,DEN,IND,0.6917040550670814,-2.4242940487190054,0.6917040550670814,IND,29,28,1,True,3.4242940487190054,2.4242940487190054,1
nfl_2025_02_PHI_KC,2025,2,KC,PHI,PHI,0.27481148729368443,2.911038830185997,0.7251885127063156,PHI,17,20,-3,True,5.911038830185997,2.911038830185997,3
nfl_2025_02_ATL_MIN,2025,2,MIN,ATL,MIN,0.7884664484063841,-3.947118696154206,0.7884664484063841,ATL,6,22,-16,False,12.052881303845794,3.947118696154206,16
nfl_2025_02_TB_HOU,2025,2,HOU,TB,TB,0.4045230487360331,1.1599619025560475,0.5954769512639668,TB,19,20,-1,True,2.1599619025560477,1.1599619025560475,1
nfl_2025_02_LAC_LV,2025,2,LV,LAC,LAC,0.4561788314986217,0.5272066543958265,0.5438211685013783,LAC,9,20,-11,True,11.527206654395826,0.5272066543958265,11
nfl_2025_03_MIA_BUF,2025,3,BUF,MIA,BUF,0.7966181488340666,-4.09587060309138,0.7966181488340666,BUF,31,21,10,True,14.095870603091381,4.09587060309138,10
nfl_2025_03_ATL_CAR,2025,3,CAR,ATL,ATL,0.41780232072016754,0.9954049243644243,0.5821976792798325,CAR,30,0,30,False,29.004595075635574,0.9954049243644243,30
nfl_2025_03_GB_CLE,2025,3,CLE,GB,GB,0.32058053314756735,2.2533155701621252,0.6794194668524327,CLE,13,10,3,False,0.7466844298378748,2.2533155701621252,3
nfl_2025_03_HOU_JAX,2025,3,JAX,HOU,JAX,0.7502393503525681,-3.2996676947127286,0.7502393503525681,JAX,17,10,7,True,10.299667694712728,3.2996676947127286,7
nfl_2025_03_CIN_MIN,2025,3,MIN,CIN,CIN,0.41203733210162463,1.0666484963179217,0.5879626678983754,MIN,48,10,38,False,36.933351503682076,1.0666484963179217,38
nfl_2025_03_PIT_NE,2025,3,NE,PIT,NE,0.5314419977763629,-0.37780249321303355,0.5314419977763629,PIT,14,21,-7,False,6.622197506786966,0.37780249321303355,7
nfl_2025_03_LAR_PHI,2025,3,PHI,LAR,LAR,0.4794645580797248,0.24656400161705572,0.5205354419202752,PHI,33,26,7,False,6.753435998382944,0.24656400161705572,7
nfl_2025_03_NYJ_TB,2025,3,TB,NYJ,TB,0.7873890286094491,-3.9277751230628306,0.7873890286094491,TB,29,27,2,True,5.927775123062831,3.9277751230628306,2
nfl_2025_03_IND_TEN,2025,3,TEN,IND,IND,0.2681786169985491,3.0116496961310846,0.7318213830014508,IND,20,41,-21,True,24.011649696131084,3.0116496961310846,21
nfl_2025_03_LV_WAS,2025,3,WAS,LV,WAS,0.7338746418063048,-3.043112271377171,0.7338746418063048,WAS,41,24,17,True,20.043112271377172,3.043112271377171,17
nfl_2025_03_DEN_LAC,2025,3,LAC,DEN,LAC,0.6393731321885072,-1.717933196313255,0.6393731321885072,LAC,23,20,3,True,4.717933196313255,1.717933196313255,3
nfl_2025_03_NO_SEA,2025,3,SEA,NO,SEA,0.7485343917945422,-3.2724327508028734,0.7485343917945422,SEA,44,13,31,True,34.27243275080287,3.2724327508028734,31
nfl_2025_03_DAL_CHI,2025,3,CHI,DAL,DAL,0.3843832630510798,1.4129533617688281,0.6156167369489203,CHI,31,14,17,False,15.587046638231172,1.4129533617688281,17
nfl_2025_03_ARI_SF,2025,3,SF,ARI,ARI,0.4722942231066905,0.3328102267105464,0.5277057768933096,SF,16,15,1,False,0.6671897732894536,0.3328102267105464,1
nfl_2025_03_KC_NYG,2025,3,NYG,KC,KC,0.4783820005761665,0.25957782119993417,0.5216179994238335,KC,9,22,-13,True,13.259577821199935,0.25957782119993417,13
nfl_2025_03_DET_BAL,2025,3,BAL,DET,DET,0.49478184494481003,0.06262013418503055,0.50521815505519,DET,30,38,-8,True,8.06262013418503,0.06262013418503055,8
nfl_2025_04_SEA_ARI,2025,4,ARI,SEA,ARI,0.5015611063008115,-0.01873333648207232,0.5015611063008115,SEA,20,23,-3,False,2.9812666635179275,0.01873333648207232,3
nfl_2025_04_MIN_PIT,2025,4,PIT,MIN,MIN,0.42360253672741377,0.9240055827742586,0.5763974632725862,PIT,24,21,3,False,2.0759944172257416,0.9240055827742586,3
nfl_2025_04_WAS_ATL,2025,4,ATL,WAS,WAS,0.34670967997546137,1.9006015562078484,0.6532903200245386,ATL,34,27,7,False,5.099398443792151,1.9006015562078484,7
nfl_2025_04_NO_BUF,2025,4,BUF,NO,BUF,0.7996725249183853,-4.152746691280123,0.7996725249183853,BUF,31,19,12,True,16.15274669128012,4.152746691280123,12
nfl_2025_04_CLE_DET,2025,4,DET,CLE,DET,0.7345074922106407,-3.052840724850392,0.7345074922106407,DET,34,10,24,True,27.05284072485039,3.052840724850392,24
nfl_2025_04_TEN_HOU,2025,4,HOU,TEN,HOU,0.620889449667695,-1.4799755824404752,0.620889449667695,HOU,26,0,26,True,27.479975582440474,1.4799755824404752,26
nfl_2025_04_CAR_NE,2025,4,NE,CAR,NE,0.5302476834340702,-0.36341596454601793,0.5302476834340702,NE,42,13,29,True,29.363415964546018,0.36341596454601793,29
nfl_2025_04_LAC_NYG,2025,4,NYG,LAC,LAC,0.272217388744141,2.9502042668404083,0.727782611255859,NYG,21,18,3,False,0.04979573315959174,2.9502042668404083,3
nfl_2025_04_PHI_TB,2025,4,TB,PHI,TB,0.5406160956525422,-0.48846946106538947,0.5406160956525422,PHI,25,31,-6,False,5.51153053893461,0.48846946106538947,6
nfl_2025_04_IND_LAR,2025,4,LAR,IND,LAR,0.5306048818542496,-0.36771827738762086,0.5306048818542496,LAR,27,20,7,True,7.36771827738762,0.36771827738762086,7
nfl_2025_04_JAX_SF,2025,4,SF,JAX,JAX,0.4916742534725375,0.09991819385897496,0.5083257465274624,JAX,21,26,-5,True,5.099918193858975,0.09991819385897496,5
nfl_2025_04_BAL_KC,2025,4,KC,BAL,BAL,0.3760924811306768,1.5185012305349943,0.6239075188693233,KC,37,20,17,False,15.481498769465006,1.5185012305349943,17
nfl_2025_04_CHI_LV,2025,4,LV,CHI,CHI,0.4154352156484332,1.0246227865867314,0.5845647843515668,CHI,24,25,-1,True,2.0246227865867317,1.0246227865867314,1
nfl_2025_04_GB_DAL,2025,4,DAL,GB,GB,0.3992351109679887,1.225959493459356,0.6007648890320113,GB,40,40,0,True,1.225959493459356,1.225959493459356,0
nfl_2025_04_NYJ_MIA,2025,4,MIA,NYJ,NYJ,0.43827263322151017,0.7445263580481695,0.5617273667784899,MIA,27,21,6,False,5.255473641951831,0.7445263580481695,6
nfl_2025_04_CIN_DEN,2025,4,DEN,CIN,DEN,0.5726657367345106,-0.8782069952203222,0.5726657367345106,DEN,28,3,25,True,25.87820699522032,0.8782069952203222,25
nfl_2025_05_SF_LAR,2025,5,LAR,SF,LAR,0.7112483943781668,-2.704364716672692,0.7112483943781668,SF,23,26,-3,False,0.29563528332730815,2.704364716672692,3
nfl_2025_05_MIN_CLE,2025,5,CLE,MIN,MIN,0.33349821514010247,2.0772159124106926,0.6665017848598975,MIN,17,21,-4,True,6.077215912410693,2.0772159124106926,4
nfl_2025_05_HOU_BAL,2025,5,BAL,HOU,HOU,0.45939271463282705,0.4883630355263853,0.540607285367173,HOU,10,44,-34,True,34.48836303552638,0.4883630355263853,34
nfl_2025_05_MIA_CAR,2025,5,CAR,MIA,CAR,0.5377230129995375,-0.45353799439605846,0.5377230129995375,CAR,27,24,3,True,3.4535379943960587,0.45353799439605846,3
nfl_2025_05_LV_IND,2025,5,IND,LV,IND,0.808107740523366,-4.313283977693676,0.808107740523366,IND,40,6,34,True,38.31328397769368,4.313283977693676,34
nfl_2025_05_NYG_NO,2025,5,NO,NYG,NYG,0.47778941450171375,0.26670254112785363,0.5222105854982863,NO,26,14,12,False,11.733297458872146,0.26670254112785363,12
nfl_2025_05_DAL_NYJ,2025,5,NYJ,DAL,DAL,0.40061535629076994,1.2087053381786683,0.5993846437092301,DAL,22,37,-15,True,16.208705338178667,1.2087053381786683,15
nfl_2025_05_DEN_PHI,2025,5,PHI,DEN,PHI,0.6523528331301927,-1.888192480577381,0.6523528331301927,DEN,17,21,-4,False,2.111807519422619,1.888192480577381,4
nfl_2025_05_TEN_ARI,2025,5,ARI,TEN,ARI,0.7806018386714522,-3.8075311285506572,0.7806018386714522,TEN,21,22,-1,False,2.8075311285506572,3.8075311285506572,1
nfl_2025_05_TB_SEA,2025,5,SEA,TB,SEA,0.648221313681141,-1.8336897770610878,0.648221313681141,TB,35,38,-3,False,1.1663102229389122,1.8336897770610878,3
nfl_2025_05_DET_CIN,2025,5,CIN,DET,DET,0.34346794421777216,1.9436332038077344,0.6565320557822278,DET,24,37,-13,True,14.943633203807735,1.9436332038077344,13
nfl_2025_05_WAS_LAC,2025,5,LAC,WAS,LAC,0.5811305091315248,-0.9822478989547713,0.5811305091315248,WAS,10,27,-17,False,16.01775210104523,0.9822478989547713,17
nfl_2025_05_NE_BUF,2025,5,BUF,NE,BUF,0.6948882481377986,-2.469218788626061,0.6948882481377986,NE,20,23,-3,False,0.530781211373939,2.469218788626061,3
nfl_2025_05_KC_JAX,2025,5,JAX,KC,JAX,0.6431743181220169,-1.7675052369048125,0.6431743181220169,JAX,31,28,3,True,4.767505236904812,1.7675052369048125,3
nfl_2025_06_PHI_NYG,2025,6,NYG,PHI,PHI,0.2755220218816416,2.9003514170815134,0.7244779781183583,NYG,34,17,17,False,14.099648582918487,2.9003514170815134,17
nfl_2025_06_DEN_NYJ,2025,6,NYJ,DEN,DEN,0.2707656215678314,2.972224816491943,0.7292343784321687,DEN,11,13,-2,True,4.972224816491943,2.972224816491943,2
nfl_2025_06_LAR_BAL,2025,6,BAL,LAR,LAR,0.31991263449096186,2.2625199819155735,0.6800873655090381,LAR,3,17,-14,True,16.262519981915574,2.2625199819155735,14
nfl_2025_06_DAL_CAR,2025,6,CAR,DAL,DAL,0.452168091661027,0.5757435251422678,0.547831908338973,CAR,30,27,3,False,2.4242564748577324,0.5757435251422678,3
nfl_2025_06_ARI_IND,2025,6,IND,ARI,IND,0.7711712300084101,-3.644809327627666,0.7711712300084101,IND,31,27,4,True,7.644809327627666,3.644809327627666,4
nfl_2025_06_SEA_JAX,2025,6,JAX,SEA,JAX,0.5384278585023622,-0.462045476378827,0.5384278585023622,SEA,12,20,-8,False,7.537954523621173,0.462045476378827,8
nfl_2025_06_LAC_MIA,2025,6,MIA,LAC,LAC,0.4879492221815648,0.14463734404782969,0.5120507778184352,LAC,27,29,-2,True,2.1446373440478297,0.14463734404782969,2
nfl_2025_06_NE_NO,2025,6,NO,NE,NE,0.27844431191025815,2.856574430598041,0.7215556880897418,NE,19,25,-6,True,8.856574430598041,2.856574430598041,6
nfl_2025_06_CLE_PIT,2025,6,PIT,CLE,PIT,0.7569780967192351,-3.408548227385438,0.7569780967192351,PIT,23,9,14,True,17.408548227385438,3.408548227385438,14
nfl_2025_06_TEN_LV,2025,6,LV,TEN,LV,0.5258368305323178,-0.31031836397449875,0.5258368305323178,LV,20,10,10,True,10.310318363974499,0.31031836397449875,10
nfl_2025_06_CIN_GB,2025,6,GB,CIN,GB,0.8024356468983089,-4.204761873752625,0.8024356468983089,GB,27,18,9,True,13.204761873752625,4.204761873752625,9
nfl_2025_06_SF_TB,2025,6,TB,SF,TB,0.5982129655365476,-1.1940739109508804,0.5982129655365476,TB,30,19,11,True,12.19407391095088,1.1940739109508804,11
nfl_2025_06_DET_KC,2025,6,KC,DET,DET,0.46787529048878995,0.3860282734563028,0.53212470951121,KC,30,17,13,False,12.613971726543697,0.3860282734563028,13
nfl_2025_06_BUF_ATL,2025,6,ATL,BUF,BUF,0.4040141956386368,1.1663005005984821,0.5959858043613633,ATL,24,14,10,False,8.833699499401519,1.1663005005984821,10
nfl_2025_06_CHI_WAS,2025,6,WAS,CHI,WAS,0.6722303904042616,-2.1548705184591483,0.6722303904042616,CHI,24,25,-1,False,1.1548705184591483,2.1548705184591483,1
nfl_2025_07_PIT_CIN,2025,7,CIN,PIT,PIT,0.3186886733561341,2.2794140461189714,0.681311326643866,CIN,33,31,2,False,0.27941404611897136,2.2794140461189714,2
nfl_2025_07_LAR_JAX,2025,7,JAX,LAR,JAX,0.5194786333870699,-0.2338619568826154,0.5194786333870699,LAR,7,35,-28,False,27.766138043117383,0.2338619568826154,28
nfl_2025_07_NO_CHI,2025,7,CHI,NO,CHI,0.7244857278441152,-2.9004678913169606,0.7244857278441152,CHI,26,14,12,True,14.90046789131696,2.9004678913169606,12
nfl_2025_07_MIA_CLE,2025,7,CLE,MIA,CLE,0.500444385654966,-0.005332629263699073,0.500444385654966,CLE,31,6,25,True,25.005332629263698,0.005332629263699073,25
nfl_2025_07_LV_KC,2025,7,KC,LV,KC,0.791224007355524,-3.996957753520538,0.791224007355524,KC,31,0,31,True,34.99695775352054,3.996957753520538,31
nfl_2025_07_PHI_MIN,2025,7,MIN,PHI,MIN,0.6098225879232645,-1.3396996108429151,0.6098225879232645,PHI,22,28,-6,False,4.660300389157085,1.3396996108429151,6
nfl_2025_07_CAR_NYJ,2025,7,NYJ,CAR,CAR,0.3716132013283539,1.5759070991040223,0.628386798671646,CAR,6,13,-7,True,8.575907099104022,1.5759070991040223,7
nfl_2025_07_NE_TEN,2025,7,TEN,NE,NE,0.300696915027973,2.53194424672309,0.699303084972027,NE,13,31,-18,True,20.53194424672309,2.53194424672309,18
nfl_2025_07_NYG_DEN,2025,7,DEN,NYG,DEN,0.7886525149034046,-3.9504665522795332,0.7886525149034046,DEN,33,32,1,True,4.950466552279533,3.9504665522795332,1
nfl_2025_07_IND_LAC,2025,7,LAC,IND,IND,0.43479745278405424,0.7869115820524801,0.5652025472159458,IND,24,38,-14,True,14.78691158205248,0.7869115820524801,14
nfl_2025_07_GB_ARI,2025,7,ARI,GB,GB,0.31350327113121446,2.3513749980237724,0.6864967288687855,GB,23,27,-4,True,6.351374998023772,2.3513749980237724,4
nfl_2025_07_WAS_DAL,2025,7,DAL,WAS,WAS,0.3634900032894461,1.6807449848903544,0.6365099967105539,DAL,44,22,22,False,20.319255015109647,1.6807449848903544,22
nfl_2025_07_ATL_SF,2025,7,SF,ATL,SF,0.6016416474493844,-1.236930043716292,0.6016416474493844,SF,20,10,10,True,11.236930043716292,1.236930043716292,10
nfl_2025_07_TB_DET,2025,7,DET,TB,TB,0.49317028618413966,0.08196166351202647,0.5068297138158604,DET,24,9,15,False,14.918038336487973,0.08196166351202647,15
nfl_2025_07_HOU_SEA,2025,7,SEA,HOU,SEA,0.7086906972741259,-2.6671007418064425,0.7086906972741259,SEA,27,19,8,True,10.667100741806443,2.6671007418064425,8
nfl_2025_08_MIN_LAC,2025,8,LAC,MIN,MIN,0.4637712757551791,0.4355079116361569,0.5362287242448209,LAC,37,10,27,False,26.564492088363842,0.4355079116361569,27
nfl_2025_08_MIA_ATL,2025,8,ATL,MIA,ATL,0.6905942293576074,-2.408696519693577,0.6905942293576074,MIA,10,34,-24,False,21.591303480306422,2.408696519693577,24
nfl_2025_08_CHI_BAL,2025,8,BAL,CHI,CHI,0.3346705455288729,2.061407209472925,0.6653294544711271,BAL,30,16,14,False,11.938592790527075,2.061407209472925,14
nfl_2025_08_BUF_CAR,2025,8,CAR,BUF,BUF,0.4455441613876674,0.6560723763287175,0.5544558386123326,BUF,9,40,-31,True,31.656072376328716,0.6560723763287175,31
nfl_2025_08_NYJ_CIN,2025,8,CIN,NYJ,CIN,0.5276045372416095,-0.33159162289554694,0.5276045372416095,NYJ,38,39,-1,False,0.6684083771044531,0.33159162289554694,1
nfl_2025_08_SF_HOU,2025,8,HOU,SF,HOU,0.6264634730787024,-1.551224020170253,0.6264634730787024,HOU,26,15,11,True,12.551224020170253,1.551224020170253,11
nfl_2025_08_CLE_NE,2025,8,NE,CLE,NE,0.7769927324465928,-3.744679908355935,0.7769927324465928,NE,32,13,19,True,22.744679908355934,3.744679908355935,19
nfl_2025_08_NYG_PHI,2025,8,PHI,NYG,PHI,0.7111361979001332,-2.7027259970063344,0.7111361979001332,PHI,38,20,18,True,20.702725997006333,2.7027259970063344,18
nfl_2025_08_TB_NO,2025,8,NO,TB,TB,0.3639517516260877,1.6747593429374792,0.6360482483739123,TB,3,23,-20,True,21.674759342937477,1.6747593429374792,20
nfl_2025_08_DAL_DEN,2025,8,DEN,DAL,DEN,0.6702774148385844,-2.1283200863932152,0.6702774148385844,DEN,44,24,20,True,22.128320086393217,2.1283200863932152,20
nfl_2025_08_TEN_IND,2025,8,IND,TEN,IND,0.8039943980599762,-4.234347184256602,0.8039943980599762,IND,38,14,24,True,28.234347184256603,4.234347184256602,24
nfl_2025_08_GB_PIT,2025,8,PIT,GB,GB,0.47863177538449425,0.2565749747309718,0.5213682246155058,GB,25,35,-10,True,10.256574974730972,0.2565749747309718,10
nfl_2025_08_WAS_KC,2025,8,KC,WAS,KC,0.7090451038733192,-2.6722526449829824,0.7090451038733192,KC,28,7,21,True,23.672252644982983,2.6722526449829824,21
nfl_2025_09_BAL_MIA,2025,9,MIA,BAL,BAL,0.4299700805562556,0.8459196706144336,0.5700299194437444,BAL,6,28,-22,True,22.845919670614435,0.8459196706144336,22
nfl_2025_09_CHI_CIN,2025,9,CIN,CHI,CHI,0.3422794228325416,1.9594582712052393,0.6577205771674584,CHI,42,47,-5,True,6.959458271205239,1.9594582712052393,5
nfl_2025_09_MIN_DET,2025,9,DET,MIN,DET,0.781596209754867,-3.824977959159394,0.781596209754867,MIN,24,27,-3,False,0.8249779591593942,3.824977959159394,3
nfl_2025_09_CAR_GB,2025,9,GB,CAR,GB,0.8055667769944002,-4.264371968455105,0.8055667769944002,CAR,13,16,-3,False,1.2643719684551051,4.264371968455105,3
nfl_2025_09_DEN_HOU,2025,9,HOU,DEN,DEN,0.34926366642177553,1.8668322434380404,0.6507363335782245,DEN,15,18,-3,True,4.86683224343804,1.8668322434380404,3
nfl_2025_09_ATL_NE,2025,9,NE,ATL,NE,0.771841630042227,-3.656218180925709,0.771841630042227,NE,24,23,1,True,4.656218180925709,3.656218180925709,1
nfl_2025_09_SF_NYG,2025,9,NYG,SF,SF,0.4502257902597331,0.5992753593971232,0.5497742097402669,SF,24,34,-10,True,10.599275359397122,0.5992753593971232,10
nfl_2025_09_IND_PIT,2025,9,PIT,IND,IND,0.393259942756937,1.3008888971776673,0.606740057243063,PIT,27,20,7,False,5.699111102822332,1.3008888971776673,7
nfl_2025_09_LAC_TEN,2025,9,TEN,LAC,LAC,0.36389782142334887,1.675458272161742,0.6361021785766512,LAC,20,27,-7,True,8.675458272161741,1.675458272161742,7
nfl_2025_09_NO_LAR,2025,9,LAR,NO,LAR,0.8093442027433365,-4.3372637994233125,0.8093442027433365,LAR,34,10,24,True,28.33726379942331,4.3372637994233125,24
nfl_2025_09_JAX_LV,2025,9,LV,JAX,JAX,0.3955961961339022,1.2715456192052137,0.6044038038660978,JAX,29,30,-1,True,2.271545619205214,1.2715456192052137,1
nfl_2025_09_KC_BUF,2025,9,BUF,KC,BUF,0.5254863291873981,-0.3061012394736287,0.5254863291873981,BUF,28,21,7,True,7.306101239473628,0.3061012394736287,7
nfl_2025_09_SEA_WAS,2025,9,WAS,SEA,SEA,0.3016659048015495,2.518132515464799,0.6983340951984505,SEA,14,38,-24,True,26.5181325154648,2.518132515464799,24
nfl_2025_09_ARI_DAL,2025,9,DAL,ARI,DAL,0.5201549297524655,-0.24199028264560246,0.5201549297524655,ARI,17,27,-10,False,9.758009717354398,0.24199028264560246,10
nfl_2025_10_LV_DEN,2025,10,DEN,LV,DEN,0.8083286320201654,-4.317559254630515,0.8083286320201654,DEN,10,7,3,True,7.317559254630515,4.317559254630515,3
nfl_2025_10_ATL_IND,2025,10,IND,ATL,IND,0.7546838439466254,-3.371253300859686,0.7546838439466254,IND,31,25,6,True,9.371253300859685,3.371253300859686,6
nfl_2025_10_NO_CAR,2025,10,CAR,NO,CAR,0.7503509805005322,-3.3014551848813207,0.7503509805005322,NO,7,17,-10,False,6.698544815118679,3.3014551848813207,10
nfl_2025_10_NYG_CHI,2025,10,CHI,NYG,CHI,0.6588501895296758,-1.974523412875424,0.6588501895296758,CHI,24,20,4,True,5.974523412875424,1.974523412875424,4
nfl_2025_10_JAX_HOU,2025,10,HOU,JAX,HOU,0.6836212502309014,-2.3113918963151865,0.6836212502309014,HOU,36,29,7,True,9.311391896315186,2.3113918963151865,7
nfl_2025_10_BUF_MIA,2025,10,MIA,BUF,BUF,0.27649244023085423,2.885782545755216,0.7235075597691458,MIA,30,13,17,False,14.114217454244784,2.885782545755216,17
nfl_2025_10_BAL_MIN,2025,10,MIN,BAL,MIN,0.6252474858834822,-1.535645109084503,0.6252474858834822,BAL,19,27,-8,False,6.464354890915497,1.535645109084503,8
nfl_2025_10_CLE_NYJ,2025,10,NYJ,CLE,NYJ,0.5297466606249944,-0.35738197204707983,0.5297466606249944,NYJ,27,20,7,True,7.357381972047079,0.35738197204707983,7
nfl_2025_10_NE_TB,2025,10,TB,NE,TB,0.5553508459101939,-0.6669435461643937,0.5553508459101939,NE,23,28,-5,False,4.3330564538356064,0.6669435461643937,5
nfl_2025_10_ARI_SEA,2025,10,SEA,ARI,SEA,0.679340381196266,-2.2522263502883457,0.679340381196266,SEA,44,22,22,True,24.252226350288346,2.2522263502883457,22
nfl_2025_10_LAR_SF,2025,10,SF,LAR,LAR,0.4679005242922953,0.3857242136446912,0.5320994757077047,LAR,26,42,-16,True,16.385724213644693,0.3857242136446912,16
nfl_2025_10_DET_WAS,2025,10,WAS,DET,DET,0.2718629800257071,2.9555731658133326,0.7281370199742929,DET,22,44,-22,True,24.955573165813334,2.9555731658133326,22
nfl_2025_10_PIT_LAC,2025,10,LAC,PIT,LAC,0.5765170455975734,-0.9254749281601622,0.5765170455975734,LAC,25,10,15,True,15.925474928160162,0.9254749281601622,15
nfl_2025_10_PHI_GB,2025,10,GB,PHI,GB,0.5693883982193204,-0.8380688139900296,0.5693883982193204,PHI,7,10,-3,False,2.16193118600997,0.8380688139900296,3
nfl_2025_11_NYJ_NE,2025,11,NE,NYJ,NE,0.8093320729746727,-4.337027979802416,0.8093320729746727,NE,27,14,13,True,17.337027979802414,4.337027979802416,13
nfl_2025_11_WAS_MIA,2025,11,MIA,WAS,MIA,0.6372725110913467,-1.6906366047812793,0.6372725110913467,MIA,16,13,3,True,4.690636604781279,1.6906366047812793,3
nfl_2025_11_CAR_ATL,2025,11,ATL,CAR,ATL,0.5118084590050499,-0.14172786196910347,0.5118084590050499,CAR,27,30,-3,False,2.8582721380308964,0.14172786196910347,3
nfl_2025_11_TB_BUF,2025,11,BUF,TB,BUF,0.671368410531118,-2.143142096420237,0.671368410531118,BUF,44,32,12,True,14.143142096420236,2.143142096420237,12
nfl_2025_11_LAC_JAX,2025,11,JAX,LAC,LAC,0.32761490044757796,2.1569772197642667,0.6723850995524221,JAX,35,6,29,False,26.843022780235735,2.1569772197642667,29
nfl_2025_11_CHI_MIN,2025,11,MIN,CHI,CHI,0.30889759877874196,2.4158345374410573,0.6911024012212581,CHI,17,19,-2,True,4.415834537441057,2.4158345374410573,2
nfl_2025_11_GB_NYG,2025,11,NYG,GB,GB,0.35186475204481327,1.8325575478075016,0.6481352479551867,GB,20,27,-7,True,8.832557547807502,1.8325575478075016,7
nfl_2025_11_CIN_PIT,2025,11,PIT,CIN,PIT,0.5118316513724768,-0.14200632599924115,0.5118316513724768,PIT,34,12,22,True,22.14200632599924,0.14200632599924115,22
nfl_2025_11_HOU_TEN,2025,11,TEN,HOU,HOU,0.38008329123202733,1.4675841364881737,0.6199167087679727,HOU,13,16,-3,True,4.467584136488174,1.4675841364881737,3
nfl_2025_11_SF_ARI,2025,11,ARI,SF,SF,0.47431200988139255,0.3085275246636149,0.5256879901186075,SF,22,41,-19,True,19.308527524663614,0.3085275246636149,19
nfl_2025_11_SEA_LAR,2025,11,LAR,SEA,LAR,0.5692756667498945,-0.8366895155830321,0.5692756667498945,LAR,21,19,2,True,2.836689515583032,0.8366895155830321,2
nfl_2025_11_BAL_CLE,2025,11,CLE,BAL,BAL,0.47861860475484314,0.25673331165226787,0.5213813952451569,BAL,16,23,-7,True,7.256733311652268,0.25673331165226787,7
nfl_2025_11_KC_DEN,2025,11,DEN,KC,DEN,0.5512996933805595,-0.6177701192634746,0.5512996933805595,DEN,22,19,3,True,3.617770119263475,0.6177701192634746,3
nfl_2025_11_DET_PHI,2025,11,PHI,DET,PHI,0.536204117077389,-0.43521106823310024,0.536204117077389,PHI,16,9,7,True,7.4352110682331,0.43521106823310024,7
nfl_2025_11_DAL_LV,2025,11,LV,DAL,DAL,0.4608666731460835,0.47056233321944463,0.5391333268539165,DAL,16,33,-17,True,17.470562333219444,0.47056233321944463,17
nfl_2025_12_BUF_HOU,2025,12,HOU,BUF,BUF,0.4399669419385409,0.7238886663227018,0.5600330580614591,HOU,23,19,4,False,3.2761113336772985,0.7238886663227018,4
nfl_2025_12_NYJ_BAL,2025,12,BAL,NYJ,BAL,0.7427107337558628,-3.180316936162538,0.7427107337558628,BAL,23,10,13,True,16.180316936162537,3.180316936162538,13
nfl_2025_12_PIT_CHI,2025,12,CHI,PIT,CHI,0.5112279687378013,-0.13475827938041202,0.5112279687378013,CHI,31,28,3,True,3.134758279380412,0.13475827938041202,3
nfl_2025_12_NE_CIN,2025,12,CIN,NE,NE,0.2664368551822383,3.0383292195183866,0.7335631448177617,NE,20,26,-6,True,9.038329219518387,3.0383292195183866,6
nfl_2025_12_NYG_DET,2025,12,DET,NYG,DET,0.7719818944804088,-3.6586081830867183,0.7719818944804088,DET,34,27,7,True,10.658608183086718,3.6586081830867183,7
nfl_2025_12_MIN_GB,2025,12,GB,MIN,GB,0.7449605447819074,-3.2157389922535256,0.7449605447819074,GB,23,6,17,True,20.215738992253527,3.2157389922535256,17
nfl_2025_12_IND_KC,2025,12,KC,IND,IND,0.44775576364271275,0.6292274768268277,0.5522442363572873,KC,23,20,3,False,2.3707725231731724,0.6292274768268277,3
nfl_2025_12_SEA_TEN,2025,12,TEN,SEA,SEA,0.292776344034216,2.645813923054295,0.7072236559657841,SEA,24,30,-6,True,8.645813923054295,2.645813923054295,6
nfl_2025_12_JAX_ARI,2025,12,ARI,JAX,JAX,0.34779540033242956,1.886231817225803,0.6522045996675705,JAX,24,27,-3,True,4.886231817225803,1.886231817225803,3
nfl_2025_12_CLE_LV,2025,12,LV,CLE,CLE,0.4674803055900194,0.3907879828378061,0.5325196944099806,CLE,10,24,-14,True,14.390787982837805,0.3907879828378061,14
nfl_2025_12_PHI_DAL,2025,12,DAL,PHI,PHI,0.3629183358305073,1.6881600293151298,0.6370816641694927,DAL,24,21,3,False,1.3118399706848702,1.6881600293151298,3
nfl_2025_12_ATL_NO,2025,12,NO,ATL,NO,0.5584239974486128,-0.704305123381573,0.5584239974486128,ATL,10,24,-14,False,13.295694876618427,0.704305123381573,14
nfl_2025_12_TB_LAR,2025,12,LAR,TB,LAR,0.7474562745424198,-3.25527421231876,0.7474562745424198,LAR,34,7,27,True,30.25527421231876,3.25527421231876,27
nfl_2025_12_CAR_SF,2025,12,SF,CAR,SF,0.720556674419942,-2.84167371267647,0.720556674419942,SF,20,9,11,True,13.84167371267647,2.84167371267647,11
nfl_2025_13_GB_DET,2025,13,DET,GB,DET,0.6309767129855517,-1.6092276193048871,0.6309767129855517,GB,24,31,-7,False,5.390772380695113,1.6092276193048871,7
nfl_2025_13_KC_DAL,2025,13,DAL,KC,KC,0.49313496130967577,0.08238564152125342,0.5068650386903242,DAL,31,28,3,False,2.9176143584787466,0.08238564152125342,3
nfl_2025_13_CIN_BAL,2025,13,BAL,CIN,BAL,0.7303845608372103,-2.9897236403368908,0.7303845608372103,CIN,14,32,-18,False,15.01027635966311,2.9897236403368908,18
nfl_2025_13_CHI_PHI,2025,13,PHI,CHI,PHI,0.5693629659754093,-0.8377576362882474,0.5693629659754093,CHI,15,24,-9,False,8.162242363711753,0.8377576362882474,9
nfl_2025_13_LAR_CAR,2025,13,CAR,LAR,CAR,0.5019528568196787,-0.023434400997426205,0.5019528568196787,CAR,31,28,3,True,3.0234344009974263,0.023434400997426205,3
nfl_2025_13_SF_CLE,2025,13,CLE,SF,SF,0.2988515025191498,2.558318694922341,0.7011484974808502,SF,8,26,-18,True,20.55831869492234,2.558318694922341,18
nfl_2025_13_HOU_IND,2025,13,IND,HOU,IND,0.7033418888367181,-2.5897883012521947,0.7033418888367181,HOU,16,20,-4,False,1.4102116987478053,2.5897883012521947,4
nfl_2025_13_NO_MIA,2025,13,MIA,NO,MIA,0.6488348695124257,-1.841765027749421,0.6488348695124257,MIA,21,17,4,True,5.841765027749421,1.841765027749421,4
nfl_2025_13_ATL_NYJ,2025,13,NYJ,ATL,ATL,0.39719590730111975,1.2514878838987151,0.6028040926988802,NYJ,27,24,3,False,1.7485121161012849,1.2514878838987151,3
nfl_2025_13_ARI_TB,2025,13,TB,ARI,TB,0.5640679350163857,-0.7730648383500793,0.5640679350163857,TB,20,17,3,True,3.7730648383500793,0.7730648383500793,3
nfl_2025_13_JAX_TEN,2025,13,TEN,JAX,JAX,0.282358804143791,2.798373298869266,0.717641195856209,JAX,3,25,-22,True,24.798373298869265,2.798373298869266,22
nfl_2025_13_MIN_SEA,2025,13,SEA,MIN,SEA,0.8028115453217186,-4.21188031181356,0.8028115453217186,SEA,26,0,26,True,30.21188031181356,4.21188031181356,26
nfl_2025_13_LV_LAC,2025,13,LAC,LV,LAC,0.7868154588769682,-3.917506659742614,0.7868154588769682,LAC,31,14,17,True,20.917506659742614,3.917506659742614,17
nfl_2025_13_BUF_PIT,2025,13,PIT,BUF,PIT,0.5384196778712665,-0.4619467256287929,0.5384196778712665,BUF,7,26,-19,False,18.538053274371208,0.4619467256287929,19
nfl_2025_13_DEN_WAS,2025,13,WAS,DEN,DEN,0.2700603127932597,2.9829497870881836,0.7299396872067403,DEN,26,27,-1,True,3.9829497870881836,2.9829497870881836,1
nfl_2025_13_NYG_NE,2025,13,NE,NYG,NE,0.7770717278228049,-3.7460477688510805,0.7770717278228049,NE,33,15,18,True,21.74604776885108,3.7460477688510805,18
nfl_2025_14_DAL_DET,2025,14,DET,DAL,DET,0.5610840739400711,-0.7366886291177397,0.5610840739400711,DET,44,30,14,True,14.73668862911774,0.7366886291177397,14
nfl_2025_14_SEA_ATL,2025,14,ATL,SEA,SEA,0.28455284362823186,2.765966286968145,0.7154471563717681,SEA,9,37,-28,True,30.765966286968144,2.765966286968145,28
nfl_2025_14_PIT_BAL,2025,14,BAL,PIT,BAL,0.625513134542311,-1.5390467940669046,0.625513134542311,PIT,22,27,-5,False,3.4609532059330954,1.5390467940669046,5
nfl_2025_14_CIN_BUF,2025,14,BUF,CIN,BUF,0.6798615785271471,-2.2594072412791597,0.6798615785271471,BUF,39,34,5,True,7.25940724127916,2.2594072412791597,5
nfl_2025_14_TEN_CLE,2025,14,CLE,TEN,CLE,0.6463626064531658,-1.809265741358419,0.6463626064531658,TEN,29,31,-2,False,0.190734258641581,1.809265741358419,2
nfl_2025_14_IND_JAX,2025,14,JAX,IND,JAX,0.6216525848326442,-1.4897055904443848,0.6216525848326442,JAX,36,19,17,True,18.489705590444384,1.4897055904443848,17
nfl_2025_14_WAS_MIN,2025,14,MIN,WAS,MIN,0.517777326371794,-0.2134178763474274,0.517777326371794,MIN,31,0,31,True,31.213417876347428,0.2134178763474274,31
nfl_2025_14_MIA_NYJ,2025,14,NYJ,MIA,NYJ,0.5021870601676015,-0.026244889392604824,0.5021870601676015,MIA,10,34,-24,False,23.973755110607396,0.026244889392604824,24
nfl_2025_14_NO_TB,2025,14,TB,NO,TB,0.6352110858813589,-1.6639154806661245,0.6352110858813589,NO,20,24,-4,False,2.3360845193338755,1.6639154806661245,4
nfl_2025_14_DEN_LV,2025,14,LV,DEN,DEN,0.2949329864849042,2.6146340605502725,0.7050670135150958,DEN,0,0,0,True,2.6146340605502725,2.6146340605502725,0
nfl_2025_14_LAR_ARI,2025,14,ARI,LAR,LAR,0.26904639048894,2.9983985279174403,0.73095360951106,LAR,0,0,0,True,2.9983985279174403,2.9983985279174403,0
nfl_2025_14_CHI_GB,2025,14,GB,CHI,GB,0.6155654352848677,-1.4123029821318314,0.6155654352848677,CHI,0,0,0,False,1.4123029821318314,1.4123029821318314,0
nfl_2025_14_HOU_KC,2025,14,KC,HOU,HOU,0.41748665091394904,0.9992985964267845,0.582513349086051,HOU,0,0,0,True,0.9992985964267845,0.9992985964267845,0
nfl_2025_14_PHI_LAC,2025,14,LAC,PHI,LAC,0.7283579620237822,-2.9589224121559594,0.7283579620237822,PHI,0,0,0,False,2.9589224121559594,2.9589224121559594,0
nfl_2025_15_ATL_TB,2025,15,TB,ATL,TB,0.649320024624185,-1.8481549285910586,0.649320024624185,ATL,0,0,0,False,1.8481549285910586,1.8481549285910586,0
nfl_2025_15_CLE_CHI,2025,15,CHI,CLE,CHI,0.7674411268980338,-3.5817550748350806,0.7674411268980338,CLE,0,0,0,False,3.5817550748350806,3.5817550748350806,0
nfl_2025_15_BAL_CIN,2025,15,CIN,BAL,BAL,0.4886456882400524,0.13627516920646962,0.5113543117599476,BAL,0,0,0,True,0.13627516920646962,0.13627516920646962,0
nfl_2025_15_ARI_HOU,2025,15,HOU,ARI,HOU,0.7939345807941689,-4.046422135710795,0.7939345807941689,ARI,0,0,0,False,4.046422135710795,4.046422135710795,0
nfl_2025_15_NYJ_JAX,2025,15,JAX,NYJ,JAX,0.8038890350362774,-4.232341790179225,0.8038890350362774,NYJ,0,0,0,False,4.232341790179225,4.232341790179225,0
nfl_2025_15_LAC_KC,2025,15,KC,LAC,KC,0.5967554205664789,-1.1758922218220875,0.5967554205664789,LAC,0,0,0,False,1.1758922218220875,1.1758922218220875,0
nfl_2025_15_BUF_NE,2025,15,NE,BUF,BUF,0.4894321257409737,0.12683337968878336,0.5105678742590263,BUF,0,0,0,True,0.12683337968878336,0.12683337968878336,0
nfl_2025_15_WAS_NYG,2025,15,NYG,WAS,NYG,0.5347743444464091,-0.41796690960185956,0.5347743444464091,WAS,0,0,0,False,0.41796690960185956,0.41796690960185956,0
nfl_2025_15_LV_PHI,2025,15,PHI,LV,PHI,0.7648297710558655,-3.5380309715249405,0.7648297710558655,LV,0,0,0,False,3.5380309715249405,3.5380309715249405,0
nfl_2025_15_GB_DEN,2025,15,DEN,GB,DEN,0.6307084840208103,-1.6057722509600592,0.6307084840208103,GB,0,0,0,False,1.6057722509600592,1.6057722509600592,0
nfl_2025_15_DET_LAR,2025,15,LAR,DET,LAR,0.5876693048710218,-1.0630160926046632,0.5876693048710218,DET,0,0,0,False,1.0630160926046632,1.0630160926046632,0
nfl_2025_15_CAR_NO,2025,15,NO,CAR,NO,0.5420196690562883,-0.5054281586960592,0.5420196690562883,CAR,0,0,0,False,0.5054281586960592,0.5054281586960592,0
nfl_2025_15_IND_SEA,2025,15,SEA,IND,SEA,0.6851943053099109,-2.333240547537938,0.6851943053099109,IND,0,0,0,False,2.333240547537938,2.333240547537938,0
nfl_2025_15_TEN_SF,2025,15,SF,TEN,SF,0.8083059612190562,-4.317120296270962,0.8083059612190562,TEN,0,0,0,False,4.317120296270962,4.317120296270962,0
nfl_2025_15_MIN_DAL,2025,15,DAL,MIN,DAL,0.6243972397396478,-1.5247640151840862,0.6243972397396478,MIN,0,0,0,False,1.5247640151840862,1.5247640151840862,0
nfl_2025_15_MIA_PIT,2025,15,PIT,MIA,PIT,0.5511316006797106,-0.6157316185371015,0.5511316006797106,MIA,0,0,0,False,0.6157316185371015,0.6157316185371015,0
nfl_2025_16_LAR_SEA,2025,16,SEA,LAR,SEA,0.6319420866791114,-1.6216723680151341,0.6319420866791114,LAR,0,0,0,False,1.6216723680151341,1.6216723680151341,0
nfl_2025_16_GB_CHI,2025,16,CHI,GB,CHI,0.6567101273229601,-1.946002543521438,0.6567101273229601,GB,0,0,0,False,1.946002543521438,1.946002543521438,0
nfl_2025_16_PHI_WAS,2025,16,WAS,PHI,PHI,0.49177624738933795,0.0986939315449081,0.5082237526106621,PHI,0,0,0,True,0.0986939315449081,0.0986939315449081,0
nfl_2025_16_NE_BAL,2025,16,BAL,NE,NE,0.48141577215231013,0.2231135153851302,0.5185842278476899,NE,0,0,0,True,0.2231135153851302,0.2231135153851302,0
nfl_2025_16_TB_CAR,2025,16,CAR,TB,CAR,0.7254640792008238,-2.915188343738908,0.7254640792008238,TB,0,0,0,False,2.915188343738908,2.915188343738908,0
nfl_2025_16_BUF_CLE,2025,16,CLE,BUF,BUF,0.3832096159875076,1.4278412769305873,0.6167903840124924,BUF,0,0,0,True,1.4278412769305873,1.4278412769305873,0
nfl_2025_16_LAC_DAL,2025,16,DAL,LAC,DAL,0.5617864077561024,-0.7452458257293373,0.5617864077561024,LAC,0,0,0,False,0.7452458257293373,0.7452458257293373,0
nfl_2025_16_NYJ_NO,2025,16,NO,NYJ,NO,0.6356280648642734,-1.6693153284755007,0.6356280648642734,NYJ,0,0,0,False,1.6693153284755007,1.6693153284755007,0
nfl_2025_16_MIN_NYG,2025,16,NYG,MIN,MIN,0.43430205692435875,0.7929599716815863,0.5656979430756413,MIN,0,0,0,True,0.7929599716815863,0.7929599716815863,0
nfl_2025_16_KC_TEN,2025,16,TEN,KC,TEN,0.5633371893727421,-0.7641512022073678,0.5633371893727421,KC,0,0,0,False,0.7641512022073678,0.7641512022073678,0
nfl_2025_16_ATL_ARI,2025,16,ARI,ATL,ARI,0.6148541746687968,-1.4032892869893376,0.6148541746687968,ATL,0,0,0,False,1.4032892869893376,1.4032892869893376,0
nfl_2025_16_JAX_DEN,2025,16,DEN,JAX,DEN,0.5715346290952155,-0.8643454639822663,0.5715346290952155,JAX,0,0,0,False,0.8643454639822663,0.8643454639822663,0
nfl_2025_16_PIT_DET,2025,16,DET,PIT,DET,0.7758396780935033,-3.724753139396886,0.7758396780935033,PIT,0,0,0,False,3.724753139396886,3.724753139396886,0
nfl_2025_16_LV_HOU,2025,16,HOU,LV,HOU,0.7400955132007752,-3.1393951341112123,0.7400955132007752,LV,0,0,0,False,3.1393951341112123,3.1393951341112123,0
nfl_2025_16_CIN_MIA,2025,16,MIA,CIN,MIA,0.7016051616751033,-2.5648596830858876,0.7016051616751033,CIN,0,0,0,False,2.5648596830858876,2.5648596830858876,0
nfl_2025_16_SF_IND,2025,16,IND,SF,IND,0.578018521796616,-0.9439334706908865,0.578018521796616,SF,0,0,0,False,0.9439334706908865,0.9439334706908865,0
nfl_2025_17_DAL_WAS,2025,17,WAS,DAL,WAS,0.5607985874166294,-0.7332111311719138,0.5607985874166294,DAL,0,0,0,False,0.7332111311719138,0.7332111311719138,0
nfl_2025_17_DET_MIN,2025,17,MIN,DET,DET,0.44689679984125535,0.639650723169465,0.5531032001587446,DET,0,0,0,True,0.639650723169465,0.639650723169465,0
nfl_2025_17_DEN_KC,2025,17,KC,DEN,KC,0.5748336973312175,-0.9048011524452289,0.5748336973312175,DEN,0,0,0,False,0.9048011524452289,0.9048011524452289,0
nfl_2025_17_SEA_CAR,2025,17,CAR,SEA,CAR,0.5269217019727664,-0.32337316398823895,0.5269217019727664,SEA,0,0,0,False,0.32337316398823895,0.32337316398823895,0
nfl_2025_17_ARI_CIN,2025,17,CIN,ARI,CIN,0.5124199988298136,-0.1490706511344249,0.5124199988298136,ARI,0,0,0,False,0.1490706511344249,0.1490706511344249,0
nfl_2025_17_PIT_CLE,2025,17,CLE,PIT,CLE,0.6087560708245009,-1.326259265113268,0.6087560708245009,PIT,0,0,0,False,1.326259265113268,1.326259265113268,0
nfl_2025_17_BAL_GB,2025,17,GB,BAL,GB,0.7158971007816307,-2.772599846731469,0.7158971007816307,BAL,0,0,0,False,2.772599846731469,2.772599846731469,0
nfl_2025_17_JAX_IND,2025,17,IND,JAX,IND,0.5691579040037165,-0.8352487520402359,0.5691579040037165,JAX,0,0,0,False,0.8352487520402359,0.8352487520402359,0
nfl_2025_17_HOU_LAC,2025,17,LAC,HOU,LAC,0.6549783924202522,-1.922985602050998,0.6549783924202522,HOU,0,0,0,False,1.922985602050998,1.922985602050998,0
nfl_2025_17_NYG_LV,2025,17,LV,NYG,LV,0.6710663465420428,-2.1390358199655015,0.6710663465420428,NYG,0,0,0,False,2.1390358199655015,2.1390358199655015,0
nfl_2025_17_TB_MIA,2025,17,MIA,TB,MIA,0.6726080931852495,-2.1600146605596713,0.6726080931852495,TB,0,0,0,False,2.1600146605596713,2.1600146605596713,0
nfl_2025_17_NE_NYJ,2025,17,NYJ,NE,NE,0.43817411832824854,0.7457268629654429,0.5618258816717514,NE,0,0,0,True,0.7457268629654429,0.7457268629654429,0
nfl_2025_17_NO_TEN,2025,17,TEN,NO,TEN,0.5321578950872464,-0.3864281527714898,0.5321578950872464,NO,0,0,0,False,0.3864281527714898,0.3864281527714898,0
nfl_2025_17_PHI_BUF,2025,17,BUF,PHI,BUF,0.712673253559715,-2.7252089638897687,0.712673253559715,PHI,0,0,0,False,2.7252089638897687,2.7252089638897687,0
nfl_2025_17_CHI_SF,2025,17,SF,CHI,SF,0.6788833995233151,-2.2459352713618808,0.6788833995233151,CHI,0,0,0,False,2.2459352713618808,2.2459352713618808,0
nfl_2025_17_LAR_ATL,2025,17,ATL,LAR,ATL,0.5526185082750702,-0.6337686759740147,0.5526185082750702,LAR,0,0,0,False,0.6337686759740147,0.6337686759740147,0
nfl_2025_18_NO_ATL,2025,18,ATL,NO,ATL,0.5026482419724905,-0.031779200836684396,0.5026482419724905,NO,0,0,0,False,0.031779200836684396,0.031779200836684396,0
nfl_2025_18_NYJ_BUF,2025,18,BUF,NYJ,BUF,0.7547714156478571,-3.37267250924255,0.7547714156478571,NYJ,0,0,0,False,3.37267250924255,3.37267250924255,0
nfl_2025_18_DET_CHI,2025,18,CHI,DET,CHI,0.5702324099455564,-0.8483983204423272,0.5702324099455564,DET,0,0,0,False,0.8483983204423272,0.8483983204423272,0
nfl_2025_18_CLE_CIN,2025,18,CIN,CLE,CIN,0.5518042399266754,-0.6238897324230996,0.5518042399266754,CLE,0,0,0,False,0.6238897324230996,0.6238897324230996,0
nfl_2025_18_LAC_DEN,2025,18,DEN,LAC,DEN,0.6898714530445711,-2.3985552035202335,0.6898714530445711,LAC,0,0,0,False,2.3985552035202335,2.3985552035202335,0
nfl_2025_18_IND_HOU,2025,18,HOU,IND,HOU,0.6623570106583723,-2.0214468266530865,0.6623570106583723,IND,0,0,0,False,2.0214468266530865,2.0214468266530865,0
nfl_2025_18_TEN_JAX,2025,18,JAX,TEN,JAX,0.7439909122751008,-3.2004476318988297,0.7439909122751008,TEN,0,0,0,False,3.2004476318988297,3.2004476318988297,0
nfl_2025_18_ARI_LAR,2025,18,LAR,ARI,LAR,0.7576846527017806,-3.420081923210571,0.7576846527017806,ARI,0,0,0,False,3.420081923210571,3.420081923210571,0
nfl_2025_18_KC_LV,2025,18,LV,KC,LV,0.6225771002979085,-1.5015035038198568,0.6225771002979085,KC,0,0,0,False,1.5015035038198568,1.5015035038198568,0
nfl_2025_18_GB_MIN,2025,18,MIN,GB,MIN,0.5546707001218826,-0.6586817889402328,0.5546707001218826,GB,0,0,0,False,0.6586817889402328,0.6586817889402328,0
nfl_2025_18_MIA_NE,2025,18,NE,MIA,NE,0.710214951743073,-2.6892847137323606,0.710214951743073,MIA,0,0,0,False,2.6892847137323606,2.6892847137323606,0
nfl_2025_18_DAL_NYG,2025,18,NYG,DAL,NYG,0.5778591724447938,-0.9419736592350987,0.5778591724447938,DAL,0,0,0,False,0.9419736592350987,0.9419736592350987,0
nfl_2025_18_WAS_PHI,2025,18,PHI,WAS,PHI,0.7150151884675059,-2.759603697300568,0.7150151884675059,WAS,0,0,0,False,2.759603697300568,2.759603697300568,0
nfl_2025_18_BAL_PIT,2025,18,PIT,BAL,PIT,0.6626912064612818,-2.0259309529186247,0.6626912064612818,BAL,0,0,0,False,2.0259309529186247,2.0259309529186247,0
nfl_2025_18_SEA_SF,2025,18,SF,SEA,SF,0.5304620582404391,-0.36599797872183043,0.5304620582404391,SEA,0,0,0,False,0.36599797872183043,0.36599797872183043,0
nfl_2025_18_CAR_TB,2025,18,TB,CAR,TB,0.616875658637492,-1.4289236709519961,0.616875658637492,CAR,0,0,0,False,1.4289236709519961,1.4289236709519961,0
